ISO,Index,Region,latitude,longitude,Country,work ,MEASURE_work,w2005,w2006,w2007,w2008,w2009,w2010,w2011,w2012,w2013,w2014,w2015,w2016,w2017,w2018,w2019,w2020,w2021,income,MEASURE_income,i2005,i2006,i2007,i2008,i2009,i2010,i2011,i2012,i2013,i2014,i2015,i2016,i2017,i2018,i2019,i2020,i2021
DZA,1,Africa,28,3,Algeria,Average Hours Worked,Average annual hours worked per worker,2176.7,2193.83,2183.33,2196.49,2201.42,2199.13,2196.79,2188.68,2188.47,2194.41,2183.61,2183.84,2168.28,2165.4,2162.69,2027.82,2121.14,Per Capita Income,"GDP per capita in 2020 international dollars, converted using Purchasing Power Parities",11207.18,11224.26,11404.45,11465.54,11438.32,11627.18,11734.58,11902.5,12004.98,12229.05,12449.01,12618.2,12562.83,12504.1,12405.36,11486.5,11661.51
AGO,2,Africa,-12.5,18.5,Angola,Average Hours Worked,Average annual hours worked per worker,2040.79,2043.42,2046.36,2049.21,2051.05,2026.06,2037.91,2039.32,2040.68,2042.61,2044.53,2046.03,2048,2049.98,2051.76,1940.77,2012.34,Per Capita Income,"GDP per capita in 2020 international dollars, converted using Purchasing Power Parities",9045.56,9727.16,10686.52,11444.08,11114.68,11223.87,11189.49,11693.33,11814.77,11932.51,11613.24,10914.71,10518.92,9953.55,9556.64,8867.88,8838.19
BWA,3,Africa,-22,24,Botswana,Average Hours Worked,Average annual hours worked per worker,2478.14,2484.92,2419.73,2354.75,2289.13,2235.85,2217.82,2203.98,2192.96,2192.89,2192.11,2191.8,2191.59,2191.57,2191.16,2101.22,2175.31,Per Capita Income,"GDP per capita in 2020 international dollars, converted using Purchasing Power Parities",12985.87,13825.7,14710,15358.78,13941.85,14881.48,15520.01,15946.02,17466.68,17898.93,17315.78,17778.22,18011.84,18532.37,18807.89,17003.48,18016.24
BFA,4,Africa,13,-2,Burkina Faso,Average Hours Worked,Average annual hours worked per worker,2307.85,2311.74,2315.59,2318.51,2321.18,2324.48,2327.21,2330.27,2333.63,2337.43,2339.35,2340.73,2342.26,2343.82,2344.54,2325.2,2325.2,Per Capita Income,"GDP per capita in 2020 international dollars, converted using Purchasing Power Parities",1604.41,1658.64,1679.43,1727.09,1727.71,1819.88,1884.35,1945.51,1996.81,2023.57,2042.69,2103.12,2170.1,2254.41,2318.67,2275.72,2330.32
CMR,5,Africa,6,12,Cameroon,Average Hours Worked,Average annual hours worked per worker,2016.17,2020.12,2023.9,2026.76,2028.82,2031.74,2032.63,2033.6,2034.71,2036.18,2037.08,2037.21,2037.64,2038.23,2038.89,1993.85,2045.83,Per Capita Income,"GDP per capita in 2020 international dollars, converted using Purchasing Power Parities",3056.38,3078.26,3140.02,3157.11,3135.51,3152.87,3194.13,3249.7,3332.28,3421.45,3501.56,3558.47,3586.52,3634.06,3671,3471.51,3494.69
TCD,6,Africa,15,19,Chad,Average Hours Worked,Average annual hours worked per worker,1890.78,1891.99,1893.35,1894.64,1895.08,1896.32,1897.12,1898.07,1898.99,1899.99,1900.66,1900.7,1900.81,1900.96,1901.11,1809.33,1868.29,Per Capita Income,"GDP per capita in 2020 international dollars, converted using Purchasing Power Parities",1804.18,1747.86,1740.22,1728.39,1733.46,1899.11,1832.72,1922.82,1959.72,2019.01,1988.66,1818.42,1716.55,1699.97,1694.99,1627.46,1673.38
COG,7,Africa,-1,15,"Congo, Republic",Average Hours Worked,Average annual hours worked per worker,2063.62,2065.97,2067.54,2068.81,2067.2,2075.61,2081.74,2087.03,2082.73,2079.18,2075.81,2071.98,2068.81,2065.93,2063.05,1963.56,2023.41,Per Capita Income,"GDP per capita in 2020 international dollars, converted using Purchasing Power Parities",5002.77,5170.36,4630.98,4762.83,5116.69,5393.25,5334.06,5719.98,5574.83,5836.6,5519.69,4830.16,4523.58,4143.11,4027.73,3630,3554.16
CIV,8,Africa,8,-5,Côte d'Ivoire,Average Hours Worked,Average annual hours worked per worker,2270.87,2269.69,2268.84,2267.97,2265.49,2264.55,2262.81,2261.33,2274.63,2277.34,2279.62,2280.73,2304.33,2301.37,2298.44,2242.08,2300.53,Per Capita Income,"GDP per capita in 2020 international dollars, converted using Purchasing Power Parities",3558.13,3516.15,3479.08,3468.58,3487.23,3470.28,3231.27,3502.01,3730.87,3959.96,4207.14,4401.9,4614.53,4819.83,5004.67,5004.59,5185.95
COD,9,Africa,0,25,DR Congo,Average Hours Worked,Average annual hours worked per worker,1768.96,1763.82,1758.58,1752.86,1745.17,1738.26,1730.95,1723.19,1722.96,1723.2,1723.39,1723.81,1724.37,1724.67,1724.77,1668.74,1703.67,Per Capita Income,"GDP per capita in 2020 international dollars, converted using Purchasing Power Parities",732.24,746.84,768.05,789.28,785.02,812.59,838.53,867.32,908.86,961.1,993.47,983.5,986.79,1011.04,1022.18,989.53,994.81
EGY,10,Africa,27,30,Egypt,Average Hours Worked,Average annual hours worked per worker,2361.4,2361.84,2361.03,2364.27,2408.24,2412.97,2346.52,2352.56,2360.88,2373.94,2398.74,2246.09,2292.23,2365.77,2365.17,2249.19,2319.72,Per Capita Income,"GDP per capita in 2020 international dollars, converted using Purchasing Power Parities",10437.61,10936.13,11466.67,11889.94,12158.23,12524.17,12234.72,12266.97,12273.9,12545.02,12704.65,12861.92,13166.61,13549.38,13983.38,13868.25,14115.5
ETH,11,Africa,8,38,Ethiopia,Average Hours Worked,Average annual hours worked per worker,1423.15,1441.25,1459.2,1476.71,1492.51,1509.3,1526.67,1543.96,1561.17,1558.63,1556.05,1553.96,1552.21,1550.67,1548.98,1465.99,1522.24,Per Capita Income,"GDP per capita in 2020 international dollars, converted using Purchasing Power Parities",938.37,1018.87,1108.81,1200.05,1284.6,1382.22,1496.97,1581.39,1689.8,1810.97,1942.72,2041.06,2188.78,2295.12,2438.38,2520.71,2507.06
GAB,12,Africa,-1,11.75,Gabon,Average Hours Worked,Average annual hours worked per worker,2285,2285.33,2286.38,2283.89,2278.63,2275.97,2279.27,2281.13,2281.65,2281.66,2280.76,2278.67,2276.91,2275.68,2275.19,2150.83,2229.4,Per Capita Income,"GDP per capita in 2020 international dollars, converted using Purchasing Power Parities",16729,15882.33,16301.07,15992.85,15068.09,15432.88,15968.79,16240.72,16515.41,16645.61,16725.3,16545.43,16137.45,15823.67,16018.01,15349.27,15297.25
GHA,13,Africa,8,-2,Ghana,Average Hours Worked,Average annual hours worked per worker,2129.95,2135.26,2136.42,2137.52,2137.85,2138.2,2137.93,2136.75,2135.87,2135.18,2134.72,2128.37,2124.19,2126.57,2128.55,2083.96,2138.29,Per Capita Income,"GDP per capita in 2020 international dollars, converted using Purchasing Power Parities",3201.66,3301.89,3350.5,3559.17,3661.71,3843.87,4274.91,4517.81,4716.79,4726.84,4707.07,4749.8,5012.85,5200.27,5407.98,5330.57,5326.95
KEN,14,Africa,1,38,Kenya,Average Hours Worked,Average annual hours worked per worker,2076.07,2074.52,2073.14,2071.73,2069.48,2068.05,2065.93,2063.9,2061.93,2060.12,2058.17,2055.59,2054.89,2054.15,2053.32,1930.29,2013.87,Per Capita Income,"GDP per capita in 2020 international dollars, converted using Purchasing Power Parities",3233.24,3318.13,3438.34,3342.1,3348.4,3523.05,3626.07,3683.04,3799.67,3903.24,4025.4,4165.5,4269.53,4437.08,4571.48,4466.27,4526.34
LBY,15,Africa,25,17,Libya,Average Hours Worked,Average annual hours worked per worker,2320.03,2316.91,2313.73,2309.7,2303.11,2299.12,2296.15,2292.87,2289.94,2288.22,2286.74,2285.39,2284.92,2284.31,2283.71,2159.96,2237.74,Per Capita Income,"GDP per capita in 2020 international dollars, converted using Purchasing Power Parities",46731.11,48743.83,50694.23,40508.78,38323.05,38548.25,13455.68,31761.09,19523.77,8946.39,7622.95,6922.46,11122.78,12836.99,14236.89,5624.35,7593.97
MDG,16,Africa,-20,47,Madagascar,Average Hours Worked,Average annual hours worked per worker,1822.59,1825.12,1827.54,1829.54,1829.56,1830.4,1754.97,1672.11,1692.29,1711.37,1729.04,1727.85,1726.68,1725.45,1724.19,1657.52,1694.42,Per Capita Income,"GDP per capita in 2020 international dollars, converted using Purchasing Power Parities",1664.98,1705.82,1753.18,1819.3,1699.1,1663.2,1644,1648.44,1641.99,1652.72,1660.79,1683.51,1706.27,1717.77,1750.51,1636.85,1655.03
MWI,17,Africa,-13.5,34,Malawi,Average Hours Worked,Average annual hours worked per worker,1890.91,1892.39,1894.03,1895.53,1895.45,1896.66,1896.77,1896.83,1897.07,1898,1899.03,1899.45,1900.31,1901.26,1902.14,1843.34,1881.92,Per Capita Income,"GDP per capita in 2020 international dollars, converted using Purchasing Power Parities",754.18,764.53,811.01,844.67,885.6,916.78,931.86,921.13,940.92,966.52,967.65,962.93,975.03,980.02,998.38,979.76,987.89
MLI,18,Africa,17,-4,Mali,Average Hours Worked,Average annual hours worked per worker,2200.94,2196.91,2192.79,2196.66,2199.22,2202.94,2205.6,2206.16,2207.18,2241.84,2214.04,2242.44,2187.87,2201.78,2202.78,2152.83,2164.75,Per Capita Income,"GDP per capita in 2020 international dollars, converted using Purchasing Power Parities",2236.11,2293.9,2317.55,2366.63,2414.62,2480.55,2494.71,2410.21,2401.88,2504.13,2587.52,2665.65,2731.73,2783.89,2837.33,2705.37,2736.98
MUS,19,Africa,-20.2833,57.55,Mauritius,Average Hours Worked,Average annual hours worked per worker,2039.46,2041.32,2024,2022.9,2008.58,1979.54,2049.31,1940.69,1895.77,1862.86,1864.72,1889.26,1916.09,1825.81,1913.58,1834.86,1889.91,Per Capita Income,"GDP per capita in 2020 international dollars, converted using Purchasing Power Parities",14200.58,14718.59,15435.21,16137.91,16544.28,17138.7,17706.61,18194.42,18674.61,19242.66,19795.58,20425.08,21074.62,21738.27,22266.36,18645.54,19937.94
MAR,20,Africa,32,-5,Morocco,Average Hours Worked,Average annual hours worked per worker,2326.99,2331.34,2330.58,2330.25,2330.25,2327.97,2329.59,2334.81,2337.64,2342.36,2342.25,2348.75,2350.99,2345.89,2340.14,2152.22,2295.18,Per Capita Income,"GDP per capita in 2020 international dollars, converted using Purchasing Power Parities",5600.03,5945.62,6076.44,6354.8,6541.69,6707.55,6973.73,7098.05,7333.36,7443.18,7694.14,7691.26,7933.33,8099.24,8217.87,7567.52,7912.19
MOZ,21,Africa,-18.25,35,Mozambique,Average Hours Worked,Average annual hours worked per worker,1525.9,1523.83,1521.65,1518.94,1513.95,1510.13,1505.68,1500.93,1495.84,1490.98,1485.58,1485.08,1484.82,1484.47,1484.13,1442.25,1472.43,Per Capita Income,"GDP per capita in 2020 international dollars, converted using Purchasing Power Parities",952.31,1022.44,1077.69,1130.21,1172.72,1217.11,1271.75,1326.17,1379.99,1442.5,1499.15,1516.22,1532.1,1543.4,1537.5,1490.33,1485.6
NAM,22,Africa,-22,17,Namibia,Average Hours Worked,Average annual hours worked per worker,1955.98,1951.41,1946.58,1941.05,1931.91,1924.77,1935.05,1943.26,1918.85,2319.74,2341.25,2359.28,2300.34,2240.07,2238.66,2158.31,2193.6,Per Capita Income,"GDP per capita in 2020 international dollars, converted using Purchasing Power Parities",8330.42,8552.11,8750.23,8863.53,8769.61,9171.1,9503.18,9826.88,10181.93,10582.75,10812.96,10603.23,10290.51,10204.51,9848.13,8967.08,9033.41
NER,23,Africa,16,8,Niger,Average Hours Worked,Average annual hours worked per worker,2045.17,2046.86,2048.06,2048.77,2048.89,2049.22,2048.93,2039.98,2042.82,2044.79,2044.05,2043.32,2042.78,2042.38,2042.13,2027.54,2027.54,Per Capita Income,"GDP per capita in 2020 international dollars, converted using Purchasing Power Parities",1066.34,1087.22,1079.12,1118.92,1098.54,1148.91,1132.99,1205.02,1220.93,1254.01,1259.71,1281.27,1295.79,1339,1366.89,1333.74,1374.66
NGA,24,Africa,10,8,Nigeria,Average Hours Worked,Average annual hours worked per worker,2204.58,2205.6,2206.88,2208.29,2209.39,2211.16,2211.94,2229.47,2248.08,2248.46,2253.82,2246.48,2239.33,2238.07,2237.04,2131.91,2194.06,Per Capita Income,"GDP per capita in 2020 international dollars, converted using Purchasing Power Parities",3931.83,4079.92,4258.34,4441.21,4682.97,5071.68,5179.5,5260.5,5401.75,5597.74,5605.1,5382.33,5293.14,5259.55,5241.1,5018.47,5095.12
RWA,25,Africa,-2,30,Rwanda,Average Hours Worked,Average annual hours worked per worker,1298.99,1299.42,1299.68,1299.6,1297.89,1297.09,1295.85,1294.35,1292.51,1290.78,1290.01,1288.57,1287.67,1286.3,1284.35,1213.7,1262.18,Per Capita Income,"GDP per capita in 2020 international dollars, converted using Purchasing Power Parities",1238.33,1323.52,1389.29,1506.16,1566.48,1644.46,1726.96,1821.84,1850.63,1908.74,2036.57,2115.93,2145.52,2274.97,2434.09,2381.25,2429.46
SEN,26,Africa,14,-14,Senegal,Average Hours Worked,Average annual hours worked per worker,1901.03,1889.74,1887.65,1884.63,1877.42,1872.98,1869,1874.34,1879.18,1884.24,1888.43,1887.23,1886.24,1885.26,1884.15,1831.62,1879.37,Per Capita Income,"GDP per capita in 2020 international dollars, converted using Purchasing Power Parities",2742.76,2732.87,2736.63,2764.27,2767.15,2787.89,2753.56,2791.97,2788.36,2889.21,2998.64,3112.81,3264.25,3385.93,3453.5,3402.98,3496.39
ZAF,27,Africa,-29,24,South Africa,Average Hours Worked,Average annual hours worked per worker,2399.43,2315.75,2322.12,2284.23,2249.31,2235.74,2254.59,2224.11,2211.99,2209.09,1958.31,2218.46,2197.03,2191.36,2206.86,2084.9,2162.44,Per Capita Income,"GDP per capita in 2020 international dollars, converted using Purchasing Power Parities",12013.46,12521.96,13023.56,13263.78,12890.77,13167.86,13513.13,13690.34,13894.51,13996.75,13988.25,13883.23,13941.59,13915.39,13803.11,12715.78,13206.76
SDN,28,Africa,15,30,Sudan,Average Hours Worked,Average annual hours worked per worker,2114.42,2117.84,2121.37,2124.4,2140.44,2126.95,2111.36,2113.43,2115.22,2117.53,2119.47,2121.06,2122.97,2124.15,2124.83,2020.29,2088.15,Per Capita Income,"GDP per capita in 2020 international dollars, converted using Purchasing Power Parities",5481.68,5963.89,6424.32,6702.37,6331.36,6417.92,6089.93,4950.55,4935.45,5031.02,4978.25,5002.72,4886.78,4631.49,4389.2,4117.81,3967.37
TZA,29,Africa,-6,35,Tanzania,Average Hours Worked,Average annual hours worked per worker,1722.77,1722.27,1751.79,1781,1809.19,1833.3,1855.79,1883.13,1910.18,1941.52,1940.17,1938.2,1936.55,1934.91,1933.02,1901.78,1920.8,Per Capita Income,"GDP per capita in 2020 international dollars, converted using Purchasing Power Parities",1713.16,1743.05,1837.38,1885.9,1935.41,2001.83,2095.11,2136.94,2213.97,2292.16,2357.56,2439.12,2524.16,2620.24,2722.76,2673.19,2705.48
TUN,30,Africa,34,9,Tunisia,Average Hours Worked,Average annual hours worked per worker,2080.86,2083.03,2085.93,2086.53,2080.16,2081.87,2041.47,2044.97,2061.81,2068.77,2066.96,2062.58,2060.91,2057.09,2055.67,1977.99,2029.55,Per Capita Income,"GDP per capita in 2020 international dollars, converted using Purchasing Power Parities",9048.21,9437.81,9980.24,10306.81,10515,10765.32,10438.44,10739.13,10911.24,11091.67,11093.64,11106.87,11202.65,11394.7,11401.89,10311.06,10507.09
UGA,31,Africa,1,32,Uganda,Average Hours Worked,Average annual hours worked per worker,1728.91,1726.75,1724.36,1721.4,1715.85,1716.09,1716.16,1716.21,1768,1767.07,1765.97,1764.55,1763.22,1761.66,1759.89,1630.82,1729.5,Per Capita Income,"GDP per capita in 2020 international dollars, converted using Purchasing Power Parities",1616.72,1681.71,1767.08,1900.37,2000.06,2091.7,2190.34,2177.48,2196.68,2249.67,2334.21,2253.39,2315.53,2369.63,2483.31,2351.29,2423.75
ZMB,32,Africa,-15,30,Zambia,Average Hours Worked,Average annual hours worked per worker,2028.67,2045.68,2060.27,2072.71,2061.19,2048.23,2064.31,2078.15,2074.21,2070.65,2066.99,2062.73,2058.72,2067.12,2067.5,2026.84,2047.11,Per Capita Income,"GDP per capita in 2020 international dollars, converted using Purchasing Power Parities",2413.51,2528.2,2656.65,2776.12,2942.1,3146.64,3219.1,3359.58,3424.31,3476.31,3469.55,3492.14,3505.2,3536.99,3481.48,3260.92,3197.82
ZWE,33,Africa,-20,30,Zimbabwe,Average Hours Worked,Average annual hours worked per worker,1340.56,1340.32,1340.09,1339.45,1335.99,1334.73,1334.4,1335.91,1338.11,1340.6,1342.26,1343.51,1344.14,1344.14,1344.46,1264.93,1318.63,Per Capita Income,"GDP per capita in 2020 international dollars, converted using Purchasing Power Parities",3068.38,2943.61,2820.73,2346.54,2500.64,2965.59,3353.8,3873.71,3910.28,3959.94,3981.48,3956.53,4081.28,4156.2,3781.85,3414.89,3490.21
BGD,34,Asia,24,90,Bangladesh,Average Hours Worked,Average annual hours worked per worker,2330.21,2328.12,2343.13,2358.26,2373.1,2392,2380.73,2369.56,2358.62,2421.4,2484.72,2548,2440.44,2439.44,2438.28,2297.72,2412.56,Per Capita Income,"GDP per capita in 2020 international dollars, converted using Purchasing Power Parities",2443.52,2578.84,2716.56,2837.91,2956.6,3099.11,3264.12,3431.39,3600.27,3787.99,4006.34,4251.13,4525.71,4838.38,5110.39,5283.97,5560.28
KHM,35,Asia,13,105,Cambodia,Average Hours Worked,Average annual hours worked per worker,2076.79,2074.21,2071.28,2043.04,1985.47,2010.81,2018.44,2111.52,2205.01,2251.31,2253.17,2250.38,2278.53,2270.77,2263.42,2226.64,2237.77,Per Capita Income,"GDP per capita in 2020 international dollars, converted using Purchasing Power Parities",2236,2439.78,2645.76,2774.61,2728.38,2841.72,2991.5,3156.66,3332.88,3512.97,3700.63,3893.44,4102.66,4346.26,4585.33,4361.69,4474.92
CHN,36,Asia,35,105,China,Average Hours Worked,Average annual hours worked per worker,2485.6,2459.6,2366,2319.2,2324.4,2444,2402.4,2407.6,2425.8,2423.2,2411.4,2397.2,2385.98,2374.2,2363.51,2299.26,2351.75,Per Capita Income,"GDP per capita in 2020 international dollars, converted using Purchasing Power Parities",5726.48,6418.69,7290.65,7955.59,8659.24,9530.92,10397.15,11166.85,11983.46,12812.96,13648.3,14512.12,15448.66,16419.6,17343.03,17685.96,19141.44
HKG,37,Asia,22.25,114.1667,Hong Kong,Average Hours Worked,Average annual hours worked per worker,2438.79,2407.61,2423.19,2371.21,2340.02,2392.01,2367.24,2340,2288.02,2288.03,2288,2236,2224.19,2210.94,2198.54,2097.33,2124.3,Per Capita Income,"GDP per capita in 2020 international dollars, converted using Purchasing Power Parities",46214.44,49147.12,51878.01,52662.12,51256.58,54328.11,56557.33,56891.51,58419.09,59617.62,60522.1,61447.44,63302.39,64588.73,63030.08,59058.18,63228.69
IND,38,Asia,20,77,India,Average Hours Worked,Average annual hours worked per worker,2253.77,2258.6,2263.56,2268.4,2272.35,2277.1,2282.86,2288.77,2291.3,2293.7,2295.55,2296.63,2297.52,2298.24,2294.82,2144.67,2262.6,Per Capita Income,"GDP per capita in 2020 international dollars, converted using Purchasing Power Parities",3240.07,3489.29,3783.65,3962.86,4104.54,4490.7,4775.71,4985.91,5224.08,5520.13,5861.8,6313.47,6621.09,7025.25,7279.92,6642.11,7165.65
IDN,39,Asia,-5,120,Indonesia,Average Hours Worked,Average annual hours worked per worker,2039.42,2051.53,2074.67,2049.03,2044.73,2062.62,2036.66,2009.59,1930.06,1999.47,2042.06,2040.01,2034.26,1988.12,1984.57,1868.82,1974.7,Per Capita Income,"GDP per capita in 2020 international dollars, converted using Purchasing Power Parities",7012.48,7295.47,7652.9,8005.73,8274.49,8692.52,9117.12,9552.94,9969.33,10355.24,10748.39,11178.4,11634.4,12125.04,12621.32,12254.85,12700.85
JPN,40,Asia,36,138,Japan,Average Hours Worked,Average annual hours worked per worker,1818.7,1827.1,1818.5,1798.4,1754,1773.4,1769.3,1781.3,1762.9,1759.6,1752.2,1745.5,1745.3,1724.6,1689.2,1641.1,1659.08,Per Capita Income,"GDP per capita in 2020 international dollars, converted using Purchasing Power Parities",40269.02,40795.15,41354.6,40827.57,38506.47,40081.61,40157.64,40798.75,41688.39,41835.19,42538.91,42919.34,43716.56,44052.31,44163.99,42245.77,43430.53
MYS,41,Asia,2.5,112.5,Malaysia,Average Hours Worked,Average annual hours worked per worker,2485.32,2465.39,2440.61,2411.24,2412.28,2391.45,2392.46,2369.8,2331.7,2341.45,2328.69,2335.4,2343.94,2317.42,2316.08,2118.51,2304.55,Per Capita Income,"GDP per capita in 2020 international dollars, converted using Purchasing Power Parities",19213.64,19864.45,20691.85,21260.08,20519.67,21632.66,22395.45,23287.31,24046.13,25143.2,26045.64,26855.94,28068.29,29057.8,29961.81,27977.56,28520.32
MMR,42,Asia,22,98,Myanmar,Average Hours Worked,Average annual hours worked per worker,2569.86,2574.31,2578.81,2583.18,2587.88,2592.73,2595.82,2599.66,2603.71,2607.15,2609.51,2552.91,2495.58,2423.86,2378.2,2216.94,2344.81,Per Capita Income,"GDP per capita in 2020 international dollars, converted using Purchasing Power Parities",2066.34,2318.34,2582.78,2758.16,2856.51,2983.17,3113.65,3279.75,3504.06,3755.49,3996.01,4210.99,4412.04,4652.38,4922.9,5036.68,4505.67
PAK,43,Asia,30,70,Pakistan,Average Hours Worked,Average annual hours worked per worker,2413.54,2418.42,2421.41,2423.1,2420.04,2441.41,2408.88,2395.22,2380.99,2447.47,2432,2465.84,2448.81,2431.65,2432.88,2330.78,2398.72,Per Capita Income,"GDP per capita in 2020 international dollars, converted using Purchasing Power Parities",3976.07,4095.79,4130.38,4130.12,4131.03,4122.82,4154.62,4223.81,4316.71,4421.61,4551.01,4707.24,4874.86,4937.07,4839.04,4827.78,4860.45
PHL,44,Asia,13,122,Philippines,Average Hours Worked,Average annual hours worked per worker,2107.4,2103.09,2124.33,2143.82,2108.65,2140.04,2111.29,2113.99,2144.1,2095.17,2106.03,2112.48,2132.94,2170.86,2169.85,1992.68,2092.27,Per Capita Income,"GDP per capita in 2020 international dollars, converted using Purchasing Power Parities",5116.34,5283.14,5519.65,5652.57,5636.39,5949.13,6078.08,6395.23,6717.35,7027.62,7353.91,7754.93,8162.73,8546.21,8924.21,7953.61,8253.9
SGP,45,Asia,1.3667,103.8,Singapore,Average Hours Worked,Average annual hours worked per worker,2514.15,2505.54,2483.35,2475.92,2438.99,2477.77,2436.91,2440.89,2430.37,2390.74,2362.28,2351.09,2333.34,2306.01,2330.16,2222.38,2246.73,Per Capita Income,"GDP per capita in 2020 international dollars, converted using Purchasing Power Parities",70795.46,74803.49,78211.37,75556.38,73388.06,82574.78,85995.86,87668.02,90427.76,92768.84,94419.27,96309.71,100573.59,103592.72,103789.9,97236.53,102855.78
KOR,46,Asia,37,127.5,South Korea,Average Hours Worked,Average annual hours worked per worker,2348.49,2343.5,2303.54,2216.63,2167.46,2153.41,2126.32,2110.26,2100.23,2070.31,2077.29,2062.33,2012.47,1987.54,1963.22,1932.23,1953.39,Per Capita Income,"GDP per capita in 2020 international dollars, converted using Purchasing Power Parities",30240.83,31666.44,33333.81,34078.46,34172.46,36316.71,37366.54,38063.98,39090.39,40089.26,40998.85,42039.8,43246.67,44292.58,45106.55,44544.35,46650.83
LKA,47,Asia,7,81,Sri Lanka,Average Hours Worked,Average annual hours worked per worker,2083.12,2082.73,2079.95,2077.98,2070.11,2141.77,2111.3,2127.83,2134.06,2158.88,2146.31,2199.5,2210.78,2170.64,2163.63,1997.09,2096.9,Per Capita Income,"GDP per capita in 2020 international dollars, converted using Purchasing Power Parities",6914.78,7368.74,7794.17,8182.15,8398,8983.4,9647.37,10433.15,10690.83,11123.12,11580.68,12000.87,12332.7,12640.98,12834.14,12292.59,12719.27
TWN,48,Asia,23.5,121,Taiwan,Average Hours Worked,Average annual hours worked per worker,2511.89,2495.26,2483.28,2472.73,2439.44,2490.41,2457.98,2449.95,2433.61,2441.58,2408.35,2333.45,2322.33,2318.98,2314.28,2307.41,2307.41,Per Capita Income,"GDP per capita in 2020 international dollars, converted using Purchasing Power Parities",35437.4,37336.76,39746.13,39939.4,39162.5,43061.16,44545.63,45384.43,46365.73,48433.44,49019.78,49971.27,51537.66,52923.35,54467.12,56138.1,60018.13
THA,49,Asia,15,100,Thailand,Average Hours Worked,Average annual hours worked per worker,2343.79,2341.71,2334.51,2329.68,2324.89,2326.35,2392,2392,2293.49,2269.77,2235.97,2220.72,2216.47,2209.27,2199.04,2108.3,2188.09,Per Capita Income,"GDP per capita in 2020 international dollars, converted using Purchasing Power Parities",13485.51,14041.63,14695.74,14846.47,14647.61,15650.41,15687.95,16729.55,17085.22,17165.07,17623.22,18154.03,18840.75,19559.63,19936.74,18666.72,19017.13
VNM,50,Asia,16,106,Vietnam,Average Hours Worked,Average annual hours worked per worker,2280.02,2283.68,2287.6,2252.05,2215.4,2340,2220.85,2172.13,2128.75,2098.21,2107.15,2132.64,2066.46,2143.7,2144.3,2071.92,2114.19,Per Capita Income,"GDP per capita in 2020 international dollars, converted using Purchasing Power Parities",5054.07,5337.95,5646.36,5890.54,6130.69,6444.55,6774.73,7060.62,7360.45,7736.56,8176.77,8620.05,9112.82,9650.21,10215.44,10401.19,10774.13
ALB,51,Central and Eastern Europe and Central Asia,41,20,Albania,Average Hours Worked,Average annual hours worked per worker,2334.96,2334.94,2334.6,2195.57,2191.31,2119.59,1852.68,2054.21,2128.4,1946.14,1969.8,2059.14,2081.28,2113.65,2142.74,2066.86,2166.82,Per Capita Income,"GDP per capita in 2020 international dollars, converted using Purchasing Power Parities",8729.81,9303.65,9935.08,10762.51,11198.68,11671.62,12000.88,12191.19,12335.93,12580.8,12897.47,13346.33,13866.49,14466.64,14853.86,14416.51,14953.25
ARM,52,Central and Eastern Europe and Central Asia,40,45,Armenia,Average Hours Worked,Average annual hours worked per worker,1965.46,1969.42,1975.99,2187.58,1822.43,1867.19,1838.21,1893.59,1897.54,2012.23,1868.93,1857.77,1862.89,1977.52,1971.87,1754.35,1898.95,Per Capita Income,"GDP per capita in 2020 international dollars, converted using Purchasing Power Parities",7895.69,8946.4,10184.69,10899.91,9364.26,9577.42,10035.44,10760.31,11138.08,11553.06,11945.71,11989.22,12916.2,13622.09,14692.84,13620.12,13910.63
AZE,53,Central and Eastern Europe and Central Asia,40.5,47.5,Azerbaijan,Average Hours Worked,Average annual hours worked per worker,1903.92,1908.74,1913.31,1919.43,1915.91,1912.07,1906.7,1904.68,1909.61,1911.62,1912.78,1916.66,1917.89,1916.69,1917.86,1736.31,1846.94,Per Capita Income,"GDP per capita in 2020 international dollars, converted using Purchasing Power Parities",7542.58,10035.63,12457.1,13631.2,14753.5,15302.29,14908.27,15082.02,15802.45,16083.45,16095.11,15456.5,15342.38,15440.25,15655.28,14868.59,15040.85
BLR,54,Central and Eastern Europe and Central Asia,53,28,Belarus,Average Hours Worked,Average annual hours worked per worker,1889.87,1893.55,1899.29,1905.87,1910.97,1913.36,1912.72,1910.85,1908.02,1896.01,1896.01,1804.38,1825.19,1840.81,1845.99,1839.61,1839.61,Per Capita Income,"GDP per capita in 2020 international dollars, converted using Purchasing Power Parities",12433.55,13736.91,14969.95,16538.27,16592.91,17918.05,18902.6,19247.6,19470.6,19838.55,19118.73,18674.69,19193.01,19843.09,20181.62,20054.21,20212.07
BIH,55,Central and Eastern Europe and Central Asia,44,18,Bosnia & Herzegovina,Average Hours Worked,Average annual hours worked per worker,2148.17,2138.34,2152.83,2177,2145.75,2126.85,2123.42,2143.04,2142.05,2138.09,2115.42,2176.37,2124.45,2141.94,2131.5,1971.46,2066.81,Per Capita Income,"GDP per capita in 2020 international dollars, converted using Purchasing Power Parities",9334.84,9862.76,10447.5,11024.24,10698.57,10796.99,10908.19,10827.78,11093.29,11234.2,11596.26,11978.77,12378.16,12862.97,13251.25,12703.91,13175.94
BGR,56,Central and Eastern Europe and Central Asia,43,25,Bulgaria,Average Hours Worked,Average annual hours worked per worker,1658.65,1654.1,1654.52,1693.6,1646.28,1644.84,1643.59,1644.45,1644.98,1644.06,1644.39,1643.55,1643.26,1644.57,1645.25,1604.83,1633.71,Per Capita Income,"GDP per capita in 2020 international dollars, converted using Purchasing Power Parities",15252.6,16376.6,17539.87,18696.02,18156.22,18380.99,19289.9,19471.14,19644.2,20128.66,21065.75,22024.51,22963.07,23844.76,24900.33,24015.67,25295.86
HRV,57,Central and Eastern Europe and Central Asia,45.1667,15.5,Croatia,Average Hours Worked,Average annual hours worked per worker,1925.56,1927.67,1929.67,1931.17,1927.96,1941.84,1939.25,1922.98,1908.49,1890.61,1826.64,1834.4,1823.6,1811.06,1837.77,1833.62,1833.62,Per Capita Income,"GDP per capita in 2020 international dollars, converted using Purchasing Power Parities",25569.07,26837.46,28199.19,28745.59,26668.6,26378.56,26408.79,25860.84,25833.5,25857.19,26662.68,27830.5,29084.53,30186.02,31229.31,28849.91,31566.37
CZE,58,Central and Eastern Europe and Central Asia,49.75,15.5,Czech Republic,Average Hours Worked,Average annual hours worked per worker,1802.93,1789.23,1775.02,1789.61,1778.8,1799.1,1805.47,1776.45,1764.3,1773.81,1751.48,1774.05,1776.45,1784.67,1786.03,1703.59,1750.88,Per Capita Income,"GDP per capita in 2020 international dollars, converted using Purchasing Power Parities",32120.81,34185.64,35893.97,36480.09,34576.22,35331.36,36023.81,35698.11,35676.87,36435.17,38332.3,39221.79,41154.6,42323.51,43430.4,40801.11,42339.13
EST,59,Central and Eastern Europe and Central Asia,59,26,Estonia,Average Hours Worked,Average annual hours worked per worker,2008.37,2000.99,1998.48,1967.77,1832.14,1874.7,1918.86,1885.69,1865.84,1859.43,1851.62,1855.2,1856.68,1810.38,1797.21,1737.53,1793.13,Per Capita Income,"GDP per capita in 2020 international dollars, converted using Purchasing Power Parities",27534.31,30393.7,32885.62,31316.92,26850.89,27622.89,29754.67,30784.4,31316.84,32360.38,33020.03,34005.33,35883.55,37347.12,39044.38,37779.69,39754.35
GEO,60,Central and Eastern Europe and Central Asia,42,43.5,Georgia,Average Hours Worked,Average annual hours worked per worker,1981.62,1979.01,1979.3,1967.85,1960.31,1954.8,1951.54,1946.95,1949.59,1953.88,1953.51,1948.95,1952.46,1954.57,1962.65,1703.36,1890.08,Per Capita Income,"GDP per capita in 2020 international dollars, converted using Purchasing Power Parities",6294.48,6829.27,7698.46,7885.74,7547.6,7942.3,8465.57,8983.04,9323.59,9749.09,10053.25,10352,10856.9,11383.02,11949.51,11213.92,11601.01
HUN,61,Central and Eastern Europe and Central Asia,47,20,Hungary,Average Hours Worked,Average annual hours worked per worker,1834.05,1813.94,1787.82,1791.17,1758.21,1766.31,1753.67,1738.27,1733.63,1748.55,1745.95,1760.16,1747.36,1729.88,1722.22,1660.29,1705.12,Per Capita Income,"GDP per capita in 2020 international dollars, converted using Purchasing Power Parities",26131.41,27227.15,27335.4,27673.1,25859.15,26208.52,26792,26558.92,27127.72,28351.19,29504.14,30224.61,31613.25,33362.57,34926.82,33268.48,35575.41
KAZ,62,Central and Eastern Europe and Central Asia,48,68,Kazakhstan,Average Hours Worked,Average annual hours worked per worker,1906.61,1909.09,1914.23,1920.58,1924.01,1923.99,1924.01,1976,2028,2002.39,1976,1976.41,1976.01,1968.97,1961.98,1812.49,1900.15,Per Capita Income,"GDP per capita in 2020 international dollars, converted using Purchasing Power Parities",16765.02,18377.73,19799.17,20219.31,20202.65,21396.33,22688.03,23482.18,24590.01,25320.88,25331.41,25327.15,26087.01,26884.62,27829.17,26865.69,27248.61
KGZ,63,Central and Eastern Europe and Central Asia,41,75,Kyrgyz Republic,Average Hours Worked,Average annual hours worked per worker,1789.09,1791.41,1794.05,1794.83,1794.4,1794.93,1796.01,1793.98,1799.2,1814.8,1856.41,1898.03,1934.43,1977.27,1971.86,1875.84,1936.64,Per Capita Income,"GDP per capita in 2020 international dollars, converted using Purchasing Power Parities",3823.97,3905.93,4205.09,4486.43,4564.66,4499.23,4732,4688.38,5152.14,5305.89,5452.61,5627.01,5831.2,5970.96,6175.85,5628.75,5772.51
LVA,64,Central and Eastern Europe and Central Asia,57,25,Latvia,Average Hours Worked,Average annual hours worked per worker,1905.51,1906.83,1878.21,2002.25,1952.22,1935.14,1951.9,1934.28,1927.75,1938.48,1901.74,1902.49,1886.51,1899.52,1865.04,1803.13,1853.18,Per Capita Income,"GDP per capita in 2020 international dollars, converted using Purchasing Power Parities",21331.49,24104.72,26734.1,26121.16,22770.02,22230.46,24110.65,25447.06,26304.43,26834.34,28148.66,29080.88,30307.37,31771.12,32636.39,31654.99,33139.41
LTU,65,Central and Eastern Europe and Central Asia,56,24,Lithuania,Average Hours Worked,Average annual hours worked per worker,1911.48,1902.83,1933.57,1962.02,1891.33,1921.49,1896.05,1893.82,1877.09,1868.49,1894.9,1918.82,1876.43,1884.5,1886.08,1806.19,1878.43,Per Capita Income,"GDP per capita in 2020 international dollars, converted using Purchasing Power Parities",22936.64,25033.37,28146.37,29180.83,25128.26,26084.46,28291.48,29775.73,31146.3,32526.42,33498.65,34781.63,36781.92,38596.47,40377.84,40017.21,42122.8
MKD,66,Central and Eastern Europe and Central Asia,41.8333,22,Macedonia,Average Hours Worked,Average annual hours worked per worker,2295.85,2288.55,2245.89,2143.64,2095.09,2155.69,2157.04,2167.9,2178.26,2167.62,2159.13,2155.56,2195.28,2178.22,2137.4,1996.04,2092.58,Per Capita Income,"GDP per capita in 2020 international dollars, converted using Purchasing Power Parities",11834.83,12422.24,13204.84,13904.67,13829.32,14263.71,14572.36,14488.31,14890.47,15405.26,15977.92,16415.1,16576.56,17039.94,17551.04,16731.29,17327.49
MDA,67,Central and Eastern Europe and Central Asia,47,29,Moldova,Average Hours Worked,Average annual hours worked per worker,2022.72,2020.72,2039.09,2048.38,2027.97,1948.98,2004.93,1964.24,1948.22,1936.22,1904.39,1881.63,1926.39,1952.39,1932.17,1732.59,1889.85,Per Capita Income,"GDP per capita in 2020 international dollars, converted using Purchasing Power Parities",5553.91,5890.89,6139.45,6694.16,6361.04,6884.87,7362.08,7395.26,8148.18,8644.66,8705.22,9184.08,9716,10211.76,10690.25,9995.16,10559.12
POL,68,Central and Eastern Europe and Central Asia,52,20,Poland,Average Hours Worked,Average annual hours worked per worker,2079.05,2080.58,2077.61,2069.6,2054,2048.8,2043.6,2038.4,2034.75,2041.32,2049.01,2051.48,2029.36,2002.15,1995.81,1980.91,1980.91,Per Capita Income,"GDP per capita in 2020 international dollars, converted using Purchasing Power Parities",19869.33,21103.58,22603.3,23552.63,23988.71,24864.05,26040.9,26380.44,26699.59,27614.57,28806.12,29732.78,31173.12,32849.73,34432.64,33535.37,35224.32
ROU,69,Central and Eastern Europe and Central Asia,46,25,Romania,Average Hours Worked,Average annual hours worked per worker,1877,1836.07,1839.94,1835.25,1815.5,1840.67,1849.27,1811.54,1806.46,1792.53,1785.67,1809.03,1785.84,1786.98,1791.2,1794.61,1794.61,Per Capita Income,"GDP per capita in 2020 international dollars, converted using Purchasing Power Parities",17241.22,18736.15,20390.48,22662.86,21591.61,20872.91,21375.43,21906.74,22814.15,23723.18,24539.95,25845.09,27897.47,29319.67,30688.76,29576.11,32011.32
RUS,70,Central and Eastern Europe and Central Asia,60,100,Russian Federation,Average Hours Worked,Average annual hours worked per worker,2180.98,2168.1,2145.98,2148.47,2138.27,2149.63,2132.52,2119.7,2113.12,2104.86,2086.29,2081,2075.78,2067.65,2062.19,1898.56,1990.38,Per Capita Income,"GDP per capita in 2020 international dollars, converted using Purchasing Power Parities",21156.71,22956.76,24958.8,26280.17,24217.54,25296.87,26355.01,27369.46,27790.66,27500.18,26899.61,26902.36,27362.23,28132.62,28717.44,27914.89,29083.89
SVK,71,Central and Eastern Europe and Central Asia,48.6667,19.5,Slovak Republic,Average Hours Worked,Average annual hours worked per worker,1769.49,1774.45,1791.2,1793.36,1780.34,1805.15,1793.01,1789.04,1771.61,1759.61,1754.09,1740.01,1713.78,1703.93,1691.99,1571.98,1619.14,Per Capita Income,"GDP per capita in 2020 international dollars, converted using Purchasing Power Parities",21696.66,23522.71,26043.41,27448.05,25893.61,27352.25,28297.03,28790.39,28946.12,29680.27,31087.66,31701.2,32603.34,33746.12,34547.83,32860.94,34476.96
SVN,72,Central and Eastern Europe and Central Asia,46,15,Slovenia,Average Hours Worked,Average annual hours worked per worker,1696.55,1667.42,1654.91,1673.48,1678.99,1680.33,1663.36,1644.35,1662.24,1681.75,1687.31,1652.36,1621.48,1598.66,1601.42,1514.6,1557.01,Per Capita Income,"GDP per capita in 2020 international dollars, converted using Purchasing Power Parities",32747.95,34508.39,36715.63,37945.96,34743.39,35087.17,35320.08,34322.11,33922.96,34823.96,35567.71,36679.41,38415.46,39981.02,40917.4,38394.62,40594.55
TJK,73,Central and Eastern Europe and Central Asia,39,71,Tajikistan,Average Hours Worked,Average annual hours worked per worker,2135.38,2138.96,2143.16,2146.85,2145.93,2149.49,2153.27,2156.53,2159.44,2162.53,2165.15,2166.62,2165.77,2164.62,2162.94,2146.12,2146.12,Per Capita Income,"GDP per capita in 2020 international dollars, converted using Purchasing Power Parities",1917.21,2013.26,2129.71,2254.95,2299.26,2403.64,2534.45,2675.32,2822.2,2958.8,3083.01,3241.23,3415.44,3607.19,3818.22,3930.39,4067.02
TUR,74,Central and Eastern Europe and Central Asia,39,35,Turkey,Average Hours Worked,Average annual hours worked per worker,1936,1944,1911,1900,1881,1877,1864,1855,1832,1823.59,1809.47,1776.89,1773.74,1742.53,1712.75,1528.18,1649.41,Per Capita Income,"GDP per capita in 2020 international dollars, converted using Purchasing Power Parities",18754.19,19808.29,20551.35,20458.23,19204.69,20509.1,22473.69,23251.56,24902.68,25782.72,26989.16,27513.19,29196.1,29656.03,29503.06,29731.15,31540.32
TKM,75,Central and Eastern Europe and Central Asia,40,60,Turkmenistan,Average Hours Worked,Average annual hours worked per worker,2192.93,2201.16,2209.88,2219.39,2224.05,2229.2,2231.73,2232.01,2231,2229.76,2227.42,2224.21,2221.06,2217.64,2213.77,2178.83,2189.72,Per Capita Income,"GDP per capita in 2020 international dollars, converted using Purchasing Power Parities",6060,6645.8,7296.19,8276.9,8684.96,9373.46,10632.16,11674.22,12715.6,13873.02,14602.11,15333.69,16136.97,16949.96,17829,17779.4,18441.79
UKR,76,Central and Eastern Europe and Central Asia,49,32,Ukraine,Average Hours Worked,Average annual hours worked per worker,1976.97,1976.5,1979.1,1981.64,1976,1976,1976,1976,1976,2028,2028,2028,2028,2027.97,2028,1921.13,1983.4,Per Capita Income,"GDP per capita in 2020 international dollars, converted using Purchasing Power Parities",11508.86,12467.72,13571.01,13945.05,11892.14,12429.1,13155.06,13216.98,13247.22,12498.72,11406.02,11740.13,12078.42,12514,12916.3,12384.94,12559.24
UZB,77,Central and Eastern Europe and Central Asia,41,64,Uzbekistan,Average Hours Worked,Average annual hours worked per worker,2061.45,2069.29,2077.54,2082.05,2085.31,2086.57,2092.09,2096.26,2099.45,2100.46,2100.82,2099.32,2093.33,2090.5,2087.39,1984.96,2049.3,Per Capita Income,"GDP per capita in 2020 international dollars, converted using Purchasing Power Parities",3548.04,3775.57,4093.13,4418.07,4730.72,5028.4,5369.14,5711.17,6086.94,6463.37,6880.36,7231.71,7484.29,7819.41,8198.1,8259.47,8515.47
ARG,78,Latin America,-34,-64,Argentina,Average Hours Worked,Average annual hours worked per worker,1771.68,1775.92,1787.54,1789.76,1751.62,1760.22,1760.23,1736.1,1725.87,1705.43,1703.47,1646.51,1648.81,1638.44,1612.12,1429.78,1587.9,Per Capita Income,"GDP per capita in 2020 international dollars, converted using Purchasing Power Parities",20344.89,21768.27,23497.02,24210.38,22557.17,24442.5,25612.99,25063.62,25380.77,24472.4,24871.18,24097.75,24521.42,23650.98,22928.24,20468.37,21502.8
BOL,79,Latin America,-17,-65,Bolivia,Average Hours Worked,Average annual hours worked per worker,2245.92,2244.52,2247.38,2245.7,2244.32,2231.18,2218.02,2213.04,2196.38,2176.78,2173.04,2154.92,2139.5,2117.89,2103.01,1845.84,2074.48,Per Capita Income,"GDP per capita in 2020 international dollars, converted using Purchasing Power Parities",6179.33,6352.89,6519.59,6795.08,6899.27,7060.8,7303.75,7551.33,7934.06,8234.68,8500.72,8728.35,8958.38,9199.48,9267.77,8433.27,8773.63
BRA,80,Latin America,-10,-55,Brazil,Average Hours Worked,Average annual hours worked per worker,2071.27,2064.22,2060.15,2060.17,2047.9,2045.01,2041.69,2025.89,2054.07,2019.61,1999.67,1993.58,1970.43,1959.77,1964.92,1822.87,1935.4,Per Capita Income,"GDP per capita in 2020 international dollars, converted using Purchasing Power Parities",13137.07,13506.39,14176.41,14744.77,14575.84,15519.56,15995.77,16162.41,16507.45,16449.72,15729.36,15089.42,15167.19,15312.57,15419.9,14693.76,15310.94
CHL,81,Latin America,-30,-71,Chile,Average Hours Worked,Average annual hours worked per worker,2350.81,2359.52,2319.2,2283.24,2260.35,2255.77,2227.16,2218.91,2207.35,2190.86,2179.41,2161.86,2154.17,1941.98,1915.45,1815.03,1882.05,Per Capita Income,"GDP per capita in 2020 international dollars, converted using Purchasing Power Parities",18953.45,19975.27,20739.08,21267.12,20726.39,21721.08,22817.9,23783,24479.35,24637.16,24911.42,25017.7,24971.94,25558.49,25455.82,23471.29,25146.83
COL,82,Latin America,4,-72,Colombia,Average Hours Worked,Average annual hours worked per worker,2013.93,2037.66,2061.67,2085.97,2051.22,2045.43,2029.7,2016.92,2011.75,2004.79,1997.03,1989.18,1974.23,1968.37,1961.21,1786.81,1931.75,Per Capita Income,"GDP per capita in 2020 international dollars, converted using Purchasing Power Parities",11025.95,11627.05,12264.12,12518.25,12513.34,12924.09,13662.45,14034.31,14587.03,15071.5,15343.8,15490.39,15528.92,15755.03,16098.83,14839.88,15784.17
CRI,83,Latin America,10,-84,Costa Rica,Average Hours Worked,Average annual hours worked per worker,2357.85,2365.61,2392.57,2397.88,2354.24,2249.27,2289.89,2242.6,2156.56,2135.53,2156.91,2212.38,2185.28,2127.99,2069.25,1929.48,2038.17,Per Capita Income,"GDP per capita in 2020 international dollars, converted using Purchasing Power Parities",14761,15595.61,16644.8,17187.37,16780.6,17382.41,17977.87,18608.89,18830.89,19251.42,19710.73,20294.3,20895.21,21085.49,21311.18,20077.41,20354.29
DOM,84,Latin America,19,-70.6667,Dominican Republic,Average Hours Worked,Average annual hours worked per worker,2153.19,2123.36,2132.86,2131.67,2131.33,2114.77,2107.81,2114.5,2122.63,2181.51,2156.6,2142.1,2126.66,2109.64,2070.55,1948.54,2039.45,Per Capita Income,"GDP per capita in 2020 international dollars, converted using Purchasing Power Parities",11066.07,11920.02,12637.35,12877.51,12838.65,13742.09,14003.28,14213.54,14736.04,15600.98,16504.55,17421.78,18049.74,19117.96,19888.31,18373.48,19200.58
ECU,85,Latin America,-2,-77.5,Ecuador,Average Hours Worked,Average annual hours worked per worker,1808.51,1772.75,1729.05,1758.1,1734.47,1719.46,1699.53,1664.73,1661.25,1649.27,1620.2,1572.31,1566.36,1568.14,1551.64,1420.53,1528.34,Per Capita Income,"GDP per capita in 2020 international dollars, converted using Purchasing Power Parities",10144.9,10398.2,10462.56,10958.02,10855.25,11073.2,11772.53,12260.59,12687.87,12988.3,12826.31,12502.12,12633.4,12635.47,12482.23,11408.44,11557.95
GTM,86,Latin America,15.5,-90.25,Guatemala,Average Hours Worked,Average annual hours worked per worker,2244.96,2245.28,2245.7,2246.09,2245.67,2245.72,2247.39,2220.27,2248.42,2251.08,2184.02,2250.55,2241.99,2238,2233.93,2096.99,2200.37,Per Capita Income,"GDP per capita in 2020 international dollars, converted using Purchasing Power Parities",6945.17,7160.09,7422.86,7524.99,7408.76,7453.08,7619.87,7698.24,7807.19,7995.91,8166.51,8234.88,8336.92,8457.99,8635.52,8365.2,8599.83
JAM,87,Latin America,18.25,-77.5,Jamaica,Average Hours Worked,Average annual hours worked per worker,1965.57,1967.96,1969.9,1970.32,1969.91,1969.8,1970.11,1968.66,1960.87,1961.82,1959.05,1951.39,1947.61,1951.03,1945.87,1805.44,1916.65,Per Capita Income,"GDP per capita in 2020 international dollars, converted using Purchasing Power Parities",10557.32,10866.47,11030.58,10951.51,10592.54,10458.62,10629.32,10597.32,10639.07,10714.79,10818.72,10987.08,11064.16,11266.49,11373.69,10207.11,10350.93
MEX,88,Latin America,23,-102,Mexico,Average Hours Worked,Average annual hours worked per worker,1633.16,1636.02,1640.01,1639,1586.97,1588.72,1592.81,1592.98,1588.66,1612.12,1606.03,1599.35,1593.09,1575.47,1541.2,1487.87,1518.05,Per Capita Income,"GDP per capita in 2020 international dollars, converted using Purchasing Power Parities",19151.13,19781.53,19981.4,19895.31,18623.07,19329.18,19796.67,20236.58,20321.49,20671.15,21126.62,21408.53,21685.15,21940.42,21694.81,19662.87,20549.86
PRY,89,Latin America,-23,-58,Paraguay,Average Hours Worked,Average annual hours worked per worker,2264.83,2303.86,2249.84,2256.16,2173.64,2242.96,2326.7,2150.19,2248.05,2218.51,2177.84,2153.43,2162.79,2061.77,2050.97,1901.41,2020.17,Per Capita Income,"GDP per capita in 2020 international dollars, converted using Purchasing Power Parities",8795.84,9073.66,9421.17,9874.85,9712.33,10651.02,10960.61,10764.03,11526.1,11940.92,12164.37,12541.62,13009.11,13288.23,13129.04,12859.84,13220.3
PER,90,Latin America,-10,-76,Peru,Average Hours Worked,Average annual hours worked per worker,2268.25,2268.46,2285.97,2272.41,2248.88,2220.28,2220.2,2210.72,2195.45,2186.23,2219.63,2183.13,2192.06,2207.42,2197.73,1969.52,2164.72,Per Capita Income,"GDP per capita in 2020 international dollars, converted using Purchasing Power Parities",8154.03,8671.04,9308.82,10053.08,10052.32,10788.59,11366.4,11920.2,12489.16,12661.39,12948.32,13383.17,13537.55,13941.95,14120.55,12436.97,13594.84
TTO,91,Latin America,11,-61,Trinidad & Tobago,Average Hours Worked,Average annual hours worked per worker,1634.8,1631.52,1628.63,1625.14,1624.7,1624.43,1625.33,1616.54,1614.17,1608.21,1605.71,1599.66,1594.78,1589.47,1584.24,1520.35,1556.61,Per Capita Income,"GDP per capita in 2020 international dollars, converted using Purchasing Power Parities",27361.93,31286.36,32657.49,33765.89,32166.38,33305.95,33265.13,33052.05,33810.38,33525.51,34051.93,32177.59,31255.93,31324.62,30991.4,28626.76,29298.25
URY,92,Latin America,-33,-56,Uruguay,Average Hours Worked,Average annual hours worked per worker,1628,1622.8,1608.6,1623.33,1603.92,1597.61,1592.42,1578.64,1571.8,1567.34,1556.43,1532.51,1531.61,1529.2,1522.09,1470.6,1495.55,Per Capita Income,"GDP per capita in 2020 international dollars, converted using Purchasing Power Parities",15549.51,16155.24,17172.05,18361.32,19095.6,20537.33,21545.83,22253.17,23226.25,23915.98,23940.16,24278.6,24607.39,24658.89,24674.78,23207.21,23840.98
VEN,93,Latin America,8,-66,Venezuela,Average Hours Worked,Average annual hours worked per worker,1922.85,1903.85,1922.35,1956.35,1904.41,1883.3,1871.45,1853.88,1848.1,1846.31,1844.22,1840.57,1836.79,1832.98,1830.18,1728.52,1802.69,Per Capita Income,"GDP per capita in 2020 international dollars, converted using Purchasing Power Parities",17621.15,19054.61,20325.19,20995.68,20019.05,19431.42,19952.28,20784.8,20782.3,19764.78,18363.71,15098.33,12776.8,10625.09,7138.12,5005.72,4833.29
BHR,94,Middle East,26,50.55,Bahrain,Average Hours Worked,Average annual hours worked per worker,2360.82,2360.72,2358.54,2355.45,2351.45,2347.25,2351.01,2349.34,2348.09,2346.93,2345.76,2343.5,2339.91,2336.04,2332.01,2208.77,2284.51,Per Capita Income,"GDP per capita in 2020 international dollars, converted using Purchasing Power Parities",49130.75,48672.06,49247.61,49783.57,49394.67,49977.12,49516.19,49978.42,51329.85,52229.21,52235.71,52829.11,53847.13,53570.72,53476.03,49550.68,49560.92
IRN,95,Middle East,32,53,Iran,Average Hours Worked,Average annual hours worked per worker,2343.78,2355.27,2365.3,2382.08,2371.11,2365.11,2373.17,2374.09,2387.08,2387.83,2373.74,2352.67,2345.2,2272.4,2273.14,2254.8,2261.82,Per Capita Income,"GDP per capita in 2020 international dollars, converted using Purchasing Power Parities",12148.25,12530.16,13533.53,13029.73,13739.22,13864.45,14225.91,13254.45,12888.61,13234.55,12875.64,13930.02,14696.4,14158.56,12882.4,12717.57,12870.58
IRQ,96,Middle East,33,44,Iraq,Average Hours Worked,Average annual hours worked per worker,2149.92,2153.07,2156.13,2159.97,2162.31,2166.51,2171.77,2177.21,2170.52,2163.2,2164.95,2165.78,2156.01,2157.36,2159.25,2033.14,2112.07,Per Capita Income,"GDP per capita in 2020 international dollars, converted using Purchasing Power Parities",8297.73,8708.06,8965.69,9509.01,9460.2,9741.79,10121.23,11035.65,11349.11,11069.11,11082.33,12491.81,11813.07,11648.52,11901.15,10378.83,10277.19
ISR,97,Middle East,31.5,34.75,Israel,Average Hours Worked,Average annual hours worked per worker,1965.1,1951.72,1964.79,1960.65,1962.03,1956.27,1946.81,1918.91,1908.6,1894.18,1895.91,1921.19,1920.79,1913.16,1898.27,1782.53,1832.01,Per Capita Income,"GDP per capita in 2020 international dollars, converted using Purchasing Power Parities",33689.06,34991.51,36436.68,36929.64,36623.51,37955.06,39007.43,39267.89,40203.77,40992.67,41089.17,41830.95,42501.78,43133.48,43785.17,41975.87,43515.44
JOR,98,Middle East,31,36,Jordan,Average Hours Worked,Average annual hours worked per worker,2429.7,2436.15,2427.61,2432.38,2424.71,2433.55,2439.98,2453.09,2464.17,2468.67,2465.44,2458.26,2458.08,2421.54,2468.23,2346.17,2434.43,Per Capita Income,"GDP per capita in 2020 international dollars, converted using Purchasing Power Parities",12111.65,12113.82,12081.05,12607.6,12956.37,12974.17,13018,13118.5,12143.14,10945.45,10431.59,10254.7,10257.45,10245.59,10238.98,9897.04,9962.99
KWT,99,Middle East,29.3375,47.6581,Kuwait,Average Hours Worked,Average annual hours worked per worker,2374.64,2379.18,2380.63,2379.14,2373.36,2367.94,2364.52,2360.71,2355.76,2350.58,2347.74,2344.04,2337.49,2332.42,2326.89,2097.68,2271.13,Per Capita Income,"GDP per capita in 2020 international dollars, converted using Purchasing Power Parities",77227.26,80876.35,83596.54,83648.25,75984.68,72600.57,77978.86,81548.92,80984.24,79978.13,79126.53,80165.79,75253.17,75114.78,74424.89,67504.52,67564.67
LBN,100,Middle East,33.8333,35.8333,Lebanon,Average Hours Worked,Average annual hours worked per worker,2447.26,2444.64,2442.99,2449.2,2454.67,2455.88,2454.86,2453.48,2452.36,2450.44,2447.09,2442.02,2436.53,2429.13,2419.54,2279.92,2366.68,Per Capita Income,"GDP per capita in 2020 international dollars, converted using Purchasing Power Parities",18718.79,18631.81,19845.05,21207.94,23114.17,24863.88,24971.97,25050.57,23294.38,20891.23,19913.69,20047.89,20245.56,20279.12,19739.5,15827.61,15613.92
OMN,101,Middle East,21,57,Oman,Average Hours Worked,Average annual hours worked per worker,2459.04,2455.15,2445.98,2433.42,2419.58,2405.05,2396.26,2386.21,2376,2365.82,2356.27,2351.8,2354.43,2364.23,2358.95,2179.31,2302.42,Per Capita Income,"GDP per capita in 2020 international dollars, converted using Purchasing Power Parities",31743.75,32830.76,33661.47,35745.65,37211.6,37204.43,37406.37,39996.82,41190.66,40929.86,41965.34,43127.82,42406.86,41945.6,40783.52,37449.56,37235.23
QAT,102,Middle East,25.5,51.25,Qatar,Average Hours Worked,Average annual hours worked per worker,2616.64,2619.33,2613.49,2606.91,2599.9,2595.58,2600.18,2602.42,2602.21,2599.95,2600.04,2600,2547.99,2546,2542.41,2395.05,2481.49,Per Capita Income,"GDP per capita in 2020 international dollars, converted using Purchasing Power Parities",80694.98,89751.71,93667.69,98431.65,100602.05,108049.54,111815.68,110957.76,111904.63,113382.85,114883.4,115063.57,110583.11,109601.53,108457.79,103985.11,105691.72
SAU,103,Middle East,25,45,Saudi Arabia,Average Hours Worked,Average annual hours worked per worker,2547.58,2548.92,2551.81,2555.88,2558.41,2566.57,2574,2593.76,2553.2,2433.6,2293.2,2293.64,2297.83,2302.43,2301.5,2197.45,2272.8,Per Capita Income,"GDP per capita in 2020 international dollars, converted using Purchasing Power Parities",47332.53,47320.87,46908.09,48517.51,46233.87,47054.22,50378.06,51789.01,51906,52514.81,53405.02,53061.6,51319.48,51472.3,50428.71,47123.98,47624.89
SYR,104,Middle East,35,38,Syria,Average Hours Worked,Average annual hours worked per worker,2187.39,2200.36,2205.35,2186.5,2220.72,2215.46,2212.43,2209.22,2205.66,2202.17,2198.12,2194.73,2190.8,2186.74,2182.64,2105.42,2156.89,Per Capita Income,"GDP per capita in 2020 international dollars, converted using Purchasing Power Parities",6505.12,6539.29,6491.79,6549.88,6833.64,6905.77,7091.86,5270.79,4136.84,3818.19,3789.1,3762.46,3779.16,3820.85,3822.03,3554.58,3555
ARE,105,Middle East,24,54,United Arab Emirates,Average Hours Worked,Average annual hours worked per worker,2761.79,2760.76,2753.71,2744.02,2734.01,2726.12,2725.66,2725.9,2725.99,2725.19,2723.13,2725.02,2726.82,2726.53,2725.43,2573.8,2660.12,Per Capita Income,"GDP per capita in 2020 international dollars, converted using Purchasing Power Parities",109887.94,106541.19,88635.16,70695.85,59714.06,60755.99,62764.89,63260.88,64043.31,65042.74,67350.74,68497.04,69312.01,69445.41,70015.39,65383.25,66497.18
YEM,106,Middle East,15,48,Yemen,Average Hours Worked,Average annual hours worked per worker,2176.43,2179.82,2183.17,2185.58,2183.54,2184,2158.57,2132.64,2106.45,2081.35,2082.5,2083.85,2086.01,2088.08,2089.76,2083.56,2083.56,Per Capita Income,"GDP per capita in 2020 international dollars, converted using Purchasing Power Parities",6094.48,6101.37,6119.26,6156.64,6208.63,6495.94,5507.26,5475.39,5577.07,5414.84,3799.87,3361.88,3118.67,3073.64,3072.89,2861.01,2819.67
CAN,107,North America,60,-95,Canada,Average Hours Worked,Average annual hours worked per worker,1777.65,1775.22,1771.78,1769.26,1738.16,1749.07,1748.63,1753.45,1745.44,1738.72,1740.72,1742.33,1731.63,1745.21,1724.72,1603.85,1694.65,Per Capita Income,"GDP per capita in 2020 international dollars, converted using Purchasing Power Parities",47254.09,48011.37,48532.47,48491.91,46538.65,47446.18,48462.25,48783.07,49394.62,50303.99,50259.08,50190.8,51099.4,51607.16,51829.18,48543.71,51192.63
USA,108,North America,38,-97,United States,Average Hours Worked,Average annual hours worked per worker,1786.98,1787.56,1785.76,1765.61,1728.84,1734.83,1745.01,1747.34,1753.07,1759.2,1771.08,1767.72,1765.13,1776.21,1766.2,1765.63,1765.63,Per Capita Income,"GDP per capita in 2020 international dollars, converted using Purchasing Power Parities",57306.18,58335.68,58945.24,58461.68,56444.74,57495.79,57968.03,58860.47,59534.33,60454.92,61639.04,62219.35,63222.62,64729.01,65897.5,62812.06,66095.68
AUS,109,Oceania,-27,133,Australia,Average Hours Worked,Average annual hours worked per worker,1631.5,1623.68,1623.34,1625.69,1623.43,1607.8,1619.4,1621.52,1615.35,1619.23,1620.48,1610.31,1610.9,1604.7,1604.73,1583.1,1600.44,Per Capita Income,"GDP per capita in 2020 international dollars, converted using Purchasing Power Parities",46915.5,47537.41,48745.76,49055.23,48956.18,49337.75,50039.07,51042.79,51242.01,51782.34,52226.97,52822.33,53194.25,53876.47,54076.97,52099.32,53863.94
NZL,110,Oceania,-41,174,New Zealand,Average Hours Worked,Average annual hours worked per worker,1782.46,1766.32,1748.36,1730.17,1712.64,1734.3,1721.7,1700.58,1732.22,1736.06,1730.22,1718.05,1715.77,1715.51,1742.36,1698.53,1717.14,Per Capita Income,"GDP per capita in 2020 international dollars, converted using Purchasing Power Parities",36534.16,37082.75,38181.52,37691.76,37447.88,37801.08,38224.17,39010.84,39503.66,40073.21,40898.81,41678.43,42489,43573.08,44068.22,42674.29,44476.66
AUT,111,Western Europe,47.3333,13.3333,Austria,Average Hours Worked,Average annual hours worked per worker,1752.49,1735.67,1724.78,1717.2,1673.08,1665.84,1671.69,1647.85,1632.07,1621.57,1605.28,1618.21,1608.26,1612.4,1620.66,1503.53,1551.65,Per Capita Income,"GDP per capita in 2020 international dollars, converted using Purchasing Power Parities",51701.53,53211.27,55013.43,55640.11,53417.5,54271.38,55674.76,55802.28,55481.24,55412.13,55419.11,55808.39,56788.49,57972.65,58530.68,54612.3,56455.93
BEL,112,Western Europe,50.8333,4,Belgium,Average Hours Worked,Average annual hours worked per worker,1577.68,1591.64,1593.66,1582.51,1563.23,1573.83,1590.23,1587.3,1585.6,1581.6,1575.46,1574.11,1578.02,1579.8,1576.17,1415.31,1542.69,Per Capita Income,"GDP per capita in 2020 international dollars, converted using Purchasing Power Parities",48962.23,49883.45,51337.98,51162.97,49729.78,50684.7,50880.47,50938.17,50933.64,51506.86,52255.33,52651.04,53297.84,54003.89,54671.06,51031.25,53535.78
CYP,113,Western Europe,35,33,Cyprus,Average Hours Worked,Average annual hours worked per worker,1847.3,1832.92,1862.06,1867.72,1847.1,1845,1847.27,1845.27,1810.28,1815.43,1824.33,1839.68,1821.45,1809.14,1804.84,1698.15,1733.81,Per Capita Income,"GDP per capita in 2020 international dollars, converted using Purchasing Power Parities",33505.69,34504.42,35499.58,35882.11,34227.4,34015.57,33292.12,31658.21,29652.72,29432.56,30553.4,32371.37,33724.92,35062.13,35653.68,33499.77,34804.71
DNK,114,Western Europe,56,10,Denmark,Average Hours Worked,Average annual hours worked per worker,1451.36,1455.7,1432.77,1430.05,1417.03,1422.31,1436.98,1423.35,1425.64,1413.81,1407.15,1412.05,1404.21,1380.86,1371.5,1342.33,1354.41,Per Capita Income,"GDP per capita in 2020 international dollars, converted using Purchasing Power Parities",54454.87,56398.36,56671.42,56042.53,53003.3,53761.37,54255.08,54173.72,54465.03,55052.79,55955.73,57298.08,58546.98,59412.92,60429.42,59051.32,60778.1
FIN,115,Western Europe,64,26,Finland,Average Hours Worked,Average annual hours worked per worker,1667.04,1661.74,1658.03,1653.8,1632.52,1637.91,1630.3,1619.73,1612.17,1609.53,1607.14,1606.3,1600.32,1597.73,1589.69,1575.43,1572.28,Per Capita Income,"GDP per capita in 2020 international dollars, converted using Purchasing Power Parities",47247.99,48962.33,51338.64,51500.61,47116.1,48395.11,49398.72,48477.14,47819.21,47439.74,47540.99,48745.95,50184.32,50683.78,51314.62,49762.92,51180.58
FRA,116,Western Europe,46,2,France,Average Hours Worked,Average annual hours worked per worker,1532.08,1515.01,1536.82,1542.8,1531.45,1539.8,1546.33,1540.88,1526.24,1518.11,1519.48,1522.07,1507.6,1513.66,1510.64,1401.83,1456.5,Per Capita Income,"GDP per capita in 2020 international dollars, converted using Purchasing Power Parities",44209.68,44978.5,45785.51,45646.92,44108.49,44747.71,45505.6,45424.9,45451.31,45663.78,45985.44,46315.28,47212.67,47948.79,48694.2,44743.79,47494.47
DEU,117,Western Europe,51,9,Germany,Average Hours Worked,Average annual hours worked per worker,1432.42,1453.18,1454.1,1447.33,1405.05,1425.74,1426.9,1407.99,1396.47,1400.41,1400.95,1395.6,1389.07,1386.93,1382.77,1330.54,1349.17,Per Capita Income,"GDP per capita in 2020 international dollars, converted using Purchasing Power Parities",47194.03,49094.16,50668.4,51299.17,48547.19,50701.77,52697.81,52819,52905.41,53849.36,54181.74,54944.72,56207.14,56646.91,57116,54464.07,56187.37
GRC,118,Western Europe,39,22,Greece,Average Hours Worked,Average annual hours worked per worker,2136.24,2125.34,2110.99,2106.26,2081.21,2037.14,2057.33,2099.22,2106.26,2056.39,2041.26,2049.42,2053.87,2073.31,2025.61,1822.46,1877.13,Per Capita Income,"GDP per capita in 2020 international dollars, converted using Purchasing Power Parities",36634.15,38588.83,39750.73,39512.51,37713.91,35601.52,32035.39,29928.12,29319.39,29721.6,29794.5,29772.28,30213.32,30746.68,31350.66,28803.31,29930.21
ISL,119,Western Europe,65,-18,Iceland,Average Hours Worked,Average annual hours worked per worker,1655.46,1645.37,1623.52,1625.2,1536.39,1527.85,1537.68,1523.06,1524.13,1513.44,1511.4,1519.99,1507.08,1496.46,1480.15,1434.62,1474.45,Per Capita Income,"GDP per capita in 2020 international dollars, converted using Purchasing Power Parities",51286.6,53021.21,56192.97,55995.99,51736.96,50461.07,51231.37,51501.82,53330.91,53634.41,55438.27,58124.66,59152.06,60307.71,60501.86,55859.4,56922.5
IRL,120,Western Europe,53,-8,Ireland,Average Hours Worked,Average annual hours worked per worker,1883.19,1878.81,1864.93,1843.9,1811.8,1720.97,1736.53,1737.86,1743.47,1757.03,1770.58,1762.92,1774.75,1781.81,1771.23,1742.77,1728.83,Per Capita Income,"GDP per capita in 2020 international dollars, converted using Purchasing Power Parities",56745.65,58039.4,59308.07,55439.39,52112.05,52786.85,53132.18,52886.05,53294.14,57534.3,60448.55,60991.79,65707.29,68000.33,70380.74,63058.57,63676.64
ITA,121,Western Europe,42.8333,12.8333,Italy,Average Hours Worked,Average annual hours worked per worker,1811.1,1811.85,1817.71,1806.54,1775.17,1776.77,1772.56,1733.64,1719.09,1716.34,1717.47,1721.7,1719.16,1719.35,1714.69,1558.67,1661.54,Per Capita Income,"GDP per capita in 2020 international dollars, converted using Purchasing Power Parities",46362.85,47004.59,47414.31,46597.33,43881.39,44436.31,44596,43148.46,42269.52,42261.22,42654.56,43288.5,44093.31,44601.54,44840.66,41054.96,42937.56
LUX,122,Western Europe,49.75,6.1667,Luxembourg,Average Hours Worked,Average annual hours worked per worker,1549.84,1552.28,1566.3,1566.97,1516.47,1516.5,1515.07,1508.09,1502.68,1506.16,1513.68,1512.39,1505.69,1505.71,1505.56,1427.35,1498.72,Per Capita Income,"GDP per capita in 2020 international dollars, converted using Purchasing Power Parities",110067.68,113997.91,121525.32,117878.55,110706.38,113960.37,114179.15,111192.96,112333.33,114432.06,117039.44,119307.13,118841.72,120157.63,120407.89,117020.95,123450.41
MLT,123,Western Europe,35.8333,14.5833,Malta,Average Hours Worked,Average annual hours worked per worker,2167.36,2174.76,2170.51,2184.07,2189.81,2136.09,2068.51,2037.15,2017.01,1971.27,1954.94,2038.95,1957.16,1983.84,2049.88,1834.05,1945.14,Per Capita Income,"GDP per capita in 2020 international dollars, converted using Purchasing Power Parities",31050.62,31716.26,33109.08,34154.02,33515.68,35201.25,35212.4,36331.89,37779.83,39839.82,42642.03,43257.03,45709.52,46419.07,47062.13,42479,44821.34
NLD,124,Western Europe,52.5,5.75,Netherlands,Average Hours Worked,Average annual hours worked per worker,1433.61,1430.45,1429.17,1428.57,1420.05,1419.63,1420.18,1410.51,1414.7,1425.6,1425.81,1437.31,1436.77,1436.06,1438.52,1406.87,1431.99,Per Capita Income,"GDP per capita in 2020 international dollars, converted using Purchasing Power Parities",52412.72,54140.47,56059.64,57053.42,54682.04,55132.78,55726.38,54948.12,54716.57,55294.68,56128.39,57055.44,58370.09,59397.96,60165.01,57560.97,59324.28
NOR,125,Western Europe,62,10,Norway,Average Hours Worked,Average annual hours worked per worker,1406.38,1399.67,1405.23,1406.79,1387.08,1395.37,1400.15,1396.28,1386.72,1389.38,1391.95,1394.48,1380.78,1379.3,1381.61,1369.15,1407.16,Per Capita Income,"GDP per capita in 2020 international dollars, converted using Purchasing Power Parities",64116.29,65119.71,66385.9,65876.76,63921.27,63579.92,63374.3,64231.48,64116.42,64653.78,65252.37,65372.18,66371.23,66671.61,66786.96,65893.51,67635.06
PRT,126,Western Europe,39.5,-8,Portugal,Average Hours Worked,Average annual hours worked per worker,1898.14,1886.34,1903.48,1890.36,1890.79,1893.64,1870.6,1853.09,1863.22,1870.83,1878.6,1884.83,1873.62,1885.08,1892.91,1749.9,1828.65,Per Capita Income,"GDP per capita in 2020 international dollars, converted using Purchasing Power Parities",32691.3,33162.57,33927.06,33986.36,32894.13,33450.21,32931.11,31723.61,31603.73,32026.21,32735.48,33501.99,34761.54,35809.37,36691.73,33834.86,35229.14
ESP,127,Western Europe,40,-4,Spain,Average Hours Worked,Average annual hours worked per worker,1723.72,1713.74,1701.31,1710.13,1715.8,1705.78,1710.69,1696.73,1689.82,1690.56,1694.24,1701.45,1692.39,1698.86,1687.65,1577.23,1648.21,Per Capita Income,"GDP per capita in 2020 international dollars, converted using Purchasing Power Parities",40034.57,41021.38,41677.54,41364.07,39477.45,39376.26,38910.37,37734.5,37331.09,37960.25,39454.28,40615.5,41748.66,42583.86,43068.29,38199.55,40566.73
SWE,128,Western Europe,62,15,Sweden,Average Hours Worked,Average annual hours worked per worker,1605.51,1603.95,1616.89,1627.13,1613.1,1640.51,1640.99,1627.29,1617.96,1619.43,1620.93,1634.17,1621.47,1620.73,1606.65,1575.15,1623.98,Per Capita Income,"GDP per capita in 2020 international dollars, converted using Purchasing Power Parities",48615.64,50597.26,51950.66,51315.52,48672.01,51131.31,52368.1,51676.1,51848.72,52701.41,54487.94,54921.74,55578.21,56007.63,56543.9,54580.03,56494.77
CHE,129,Western Europe,47,8,Switzerland,Average Hours Worked,Average annual hours worked per worker,1689.97,1679.24,1668.87,1659.46,1650.78,1623.61,1618,1601.42,1581.94,1574.25,1588.08,1588.82,1568.23,1558.07,1554.45,1507.49,1549.34,Per Capita Income,"GDP per capita in 2020 international dollars, converted using Purchasing Power Parities",64413.56,66584.13,68630.16,69693.77,67480.38,69164.25,69828.26,69931.72,70391.52,71239.39,71600.63,72271.47,72734.95,74376.83,74647.18,71932.03,73567.3
GBR,130,Western Europe,54,-2,United Kingdom,Average Hours Worked,Average annual hours worked per worker,1669.74,1663.99,1665.82,1660.47,1638.33,1643.21,1639.82,1655.02,1665.97,1672.43,1669.47,1667.7,1668.95,1663.19,1667.95,1503.26,1592.58,Per Capita Income,"GDP per capita in 2020 international dollars, converted using Purchasing Power Parities",44928.42,45824.67,46530.01,46021.31,43818.29,44371.48,44564.73,44904.15,45598.8,46547.65,47272.19,47692.32,48234.3,48547.37,48977.53,43936.07,46143.66